<?xml version="1.0" encoding="UTF-8"?>
<project-private xmlns="http://www.netbeans.org/ns/project-private/1">
    <editor-bookmarks xmlns="http://www.netbeans.org/ns/editor-bookmarks/2" lastBookmarkId="0"/>
    <open-files xmlns="http://www.netbeans.org/ns/projectui-open-files/2">
        <group>
            <file>file:/Users/pep/Downloads/LABEXAM/src/practica3/CircularQueue.java</file>
            <file>file:/Users/pep/Downloads/LABEXAM/src/practica3/TSocketRecv.java</file>
            <file>file:/Users/pep/Downloads/LABEXAM/src/practica3/SimNet_Monitor.java</file>
            <file>file:/Users/pep/Downloads/LABEXAM/src/practica3/SimNet_Loss.java</file>
            <file>file:/Users/pep/Downloads/LABEXAM/src/practica3/TSocketSend.java</file>
        </group>
    </open-files>
</project-private>
